case_id,criterion,pull,argument
C-1,requirements,predictive,"Всі поля пакету прописані в додатку до наказу регулятора, нових вимог не було вже півроку"
C-1,technology,adaptive,"Нове API працює тільки в тестовому контурі, документації бракує, методи змінюють без попередження"
C-1,release_cost,predictive,"Помилка призводить до неприйняття звіту, припису від держави та необхідності виправляти все ручками"
C-1,customer,predictive,"Замовник відповідає на листи до 5 робочих днів, ігнорує демо-зустрічі та чекає лише підсумок етапу"
C-1,contract,predictive,"Тендер з фіксованою ціною, для зміни обсягу потрібна додаткова угода та два тижні на юристів"
C-1,team,predictive,"Частина команди від підрядника зі своїм графіком, а єдиний QA розривається між двома проєктами"
C-2,requirements,adaptive,"Річного плану немає, список функцій постійно змінюється після частих інтерв'ю з користувачами"
C-2,technology,predictive,"Команда добре знає стек технологій, авторозгортання налаштоване, відкат займає до 10 хвилин"
C-2,release_cost,predictive,"Проблема з грошима чи комісією вимагає ручного повернення, викликає скарги та ризик для еквайрингу"
C-2,customer,adaptive,"Продакт-оунер сидить поруч із командою, швидко відповідає в чаті та сам ухвалює рішення по обсягу"
C-2,contract,adaptive,"Внутрішня розробка без зовнішнього договору, є тільки гроші інвестора на дев'ять місяців роботи"
C-2,team,adaptive,"Команда з п'яти осіб сидить разом, всі взаємозамінні, тестують самостійно без окремого QA"
C-3,requirements,adaptive,"Процес погодження відрізняється від документації, на демо постійно випливають нові винятки"
C-3,technology,adaptive,"Потрібно переносити дані зі старої самописної системи, де немає схем і багато пропущених контрагентів"
C-3,release_cost,predictive,"Якщо помилитися в нарахуваннях, це піде в бухгалтерію і помилку знайдуть вже після переказу грошей"
C-3,customer,adaptive,"Керівниця юристів дуже залучена, щотижня приходить на демо зі своєю командою та дає корисний фідбек"
C-3,contract,predictive,"Fixed price договір з річним бюджетом, будь-яка зміна вимагає паперового протоколу від фіндиректора"
C-3,team,adaptive,"Четверо фахівців працюють в одному приміщенні вже два роки, легко підміняють одне одного в задачах"